source_url,link_url,final_url,status_code,ok,is_internal,error
https://zion.app,https://zion.app/,https://zion.app/,200,True,True,
https://zion.app,https://zion.app,https://zion.app,200,True,True,
https://zion.app,https://zion.app/ssinvite/,https://zion.app/ssinvite/,200,True,True,
https://zion.app,https://faq.zionladder.com,,,False,False,URLError: [Errno -2] Name or service not known
https://zion.app,https://zion.app/login-modal/,https://zion.app/login-modal/,200,True,True,
https://zion.app,https://zion.app/register-modal/,https://zion.app/register-modal/,200,True,True,
https://zion.app,https://zion.app,https://zion.app,200,True,True,
https://zion.app,https://zion.app/client/ios/,https://zion.app/client/ios/,200,True,True,
https://zion.app,https://zion.app/client/srk_ios/,https://zion.app/client/srk_ios/,200,True,True,
https://zion.app,https://zion.app/client/s2rvtwo/,https://zion.app/client/s2rvtwo/,200,True,True,
https://zion.app,https://zion.app/client/netch/,https://zion.app/client/netch/,200,True,True,
https://zion.app,https://zion.app/client/macos/,https://zion.app/client/macos/,200,True,True,
https://zion.app,https://zion.app/register-modal/,https://zion.app/register-modal/,200,True,True,
https://zion.app,https://zion.app/register-modal/,https://zion.app/register-modal/,200,True,True,
https://zion.app,https://zion.app/register-modal/,https://zion.app/register-modal/,200,True,True,
https://zion.app,https://zion.app/register-modal/,https://zion.app/register-modal/,200,True,True,
https://zion.app,https://zion.app/payments/stripe-checkout/wechatpay/4/,https://findfrcourses.com/payments/stripe-checkout-api/wechatpay//4/emlvbi5hcHA=/,404,False,True,HTTPError: Not Found
https://zion.app,https://zion.app/payments/stripe-checkout/card/4/,https://woaifayu.com/payments/stripe-checkout-api/card//4/emlvbi5hcHA=/,404,False,True,HTTPError: Not Found
https://zion.app,https://zion.app/payments/stripe-checkout/card/4/,https://woaifayu.com/payments/stripe-checkout-api/card//4/emlvbi5hcHA=/,404,False,True,HTTPError: Not Found
https://zion.app,https://zion.app/payments/stripe-checkout/wechatpay/5/,https://findfrcourses.com/payments/stripe-checkout-api/wechatpay//5/emlvbi5hcHA=/,404,False,True,HTTPError: Not Found
https://zion.app,https://zion.app/payments/stripe-checkout/card/5/,https://woaifayu.com/payments/stripe-checkout-api/card//5/emlvbi5hcHA=/,404,False,True,HTTPError: Not Found
https://zion.app,https://zion.app/payments/stripe-checkout/card/5/,https://woaifayu.com/payments/stripe-checkout-api/card//5/emlvbi5hcHA=/,404,False,True,HTTPError: Not Found
https://zion.app,https://zion.app/payments/stripe-checkout/wechatpay/6/,https://findfrcourses.com/payments/stripe-checkout-api/wechatpay//6/emlvbi5hcHA=/,404,False,True,HTTPError: Not Found
https://zion.app,https://zion.app/payments/stripe-checkout/card/6/,https://woaifayu.com/payments/stripe-checkout-api/card//6/emlvbi5hcHA=/,404,False,True,HTTPError: Not Found
https://zion.app,https://zion.app/payments/stripe-checkout/card/6/,https://woaifayu.com/payments/stripe-checkout-api/card//6/emlvbi5hcHA=/,404,False,True,HTTPError: Not Found
https://zion.app,https://zion.app/payments/stripe-checkout/wechatpay/7/,https://zion.app/payments/stripe-checkout/wechatpay/7/,500,False,True,HTTPError: Internal Server Error
https://zion.app,https://zion.app/payments/stripe-checkout/card/7/,https://woaifayu.com/payments/stripe-checkout-api/card//7/emlvbi5hcHA=/,404,False,True,HTTPError: Not Found
https://zion.app,https://zion.app/payments/stripe-checkout/card/7/,https://woaifayu.com/payments/stripe-checkout-api/card//7/emlvbi5hcHA=/,404,False,True,HTTPError: Not Found
https://zion.app,https://zion.app/payments/stripe-checkout/wechatpay/8/,https://findfrcourses.com/payments/stripe-checkout-api/wechatpay//8/emlvbi5hcHA=/,404,False,True,HTTPError: Not Found
https://zion.app,https://zion.app/payments/stripe-checkout/card/8/,https://woaifayu.com/payments/stripe-checkout-api/card//8/emlvbi5hcHA=/,404,False,True,HTTPError: Not Found
https://zion.app,https://zion.app/payments/stripe-checkout/card/8/,https://woaifayu.com/payments/stripe-checkout-api/card//8/emlvbi5hcHA=/,404,False,True,HTTPError: Not Found
https://zion.app,https://twitter.com/tizizion,https://twitter.com/tizizion,403,False,False,HTTPError: Forbidden
https://zion.app,http://weibo.com/zionladder,https://passport.weibo.com/visitor/visitor?entry=miniblog&a=enter&url=https%3A%2F%2Fweibo.com%2Fzionladder&domain=weibo.com&ua=Mozilla%2F5.0%20%28X11%3B%20Linux%20x86_64%29%20AppleWebKit%2F537.36%20%28KHTML%2C%20like%20Gecko%29%20Chrome%2F123%20Safari%2F537.36&_rand=1754954666012&sudaref=,200,True,False,
https://zion.app,https://www.facebook.com/zionladder/,https://www.facebook.com/login/?next=https%3A%2F%2Fwww.facebook.com%2Fzionladder%2F,400,False,False,HTTPError: Bad Request
https://zion.app,https://zion.app/privacy/,https://zion.app/privacy/,200,True,True,
https://zion.app,https://zion.app/terms/,https://zion.app/terms/,200,True,True,
https://zion.app,https://zion.app,https://zion.app,200,True,True,
https://zion.app,https://zion.app,https://zion.app,200,True,True,
https://zion.app,https://zion.app,https://zion.app,200,True,True,
https://zion.app,https://zion.app/client/windows/,https://zion.app/client/windows/,200,True,True,
https://zion.app,https://zion.app/client/v2n_win/,https://zion.app/client/v2n_win/,200,True,True,
https://zion.app,https://zion.app/client/macos/,https://zion.app/client/macos/,200,True,True,
https://zion.app,https://zion.app/client/srk_mac/,https://zion.app/client/srk_mac/,200,True,True,
https://zion.app,https://zion.app/client/v2n_macos/,https://zion.app/client/v2n_macos/,200,True,True,
https://zion.app,https://zion.app/client/srk_ios/,https://zion.app/client/srk_ios/,200,True,True,
https://zion.app,https://zion.app/client/ios/,https://zion.app/client/ios/,200,True,True,
https://zion.app,https://zion.app/client/vtwong/,https://zion.app/client/vtwong/,200,True,True,
https://zion.app,https://zion.app/client/merlin/,https://zion.app/client/merlin/,200,True,True,
https://zion.app,https://zion.app/client/linux/,https://zion.app/client/linux/,200,True,True,
https://zion.app,http://blackwolfsec.cc/2016/09/19/Proxifier_Shadowshocks/,http://blackwolfsec.cc/2016/09/19/Proxifier_Shadowshocks/,200,True,False,
https://zion.app,http://16bing.com/2017/04/23/ss-proxifier/,http://16bing.com/2017/04/23/ss-proxifier/,200,True,False,
https://zion.app,https://zion.app/client/telegram/,https://zion.app/client/telegram/,200,True,True,
https://zion.app,https://zion.app/client/line/,https://zion.app/client/line/,200,True,True,
https://zion.app/,https://zion.app/,https://zion.app/,200,True,True,
https://zion.app/,https://zion.app/,https://zion.app/,200,True,True,
https://zion.app/,https://zion.app/ssinvite/,https://zion.app/ssinvite/,200,True,True,
https://zion.app/,https://faq.zionladder.com,,,False,False,URLError: [Errno -2] Name or service not known
https://zion.app/,https://zion.app/login-modal/,https://zion.app/login-modal/,200,True,True,
https://zion.app/,https://zion.app/register-modal/,https://zion.app/register-modal/,200,True,True,
https://zion.app/,https://zion.app/,https://zion.app/,200,True,True,
https://zion.app/,https://zion.app/client/ios/,https://zion.app/client/ios/,200,True,True,
https://zion.app/,https://zion.app/client/srk_ios/,https://zion.app/client/srk_ios/,200,True,True,
https://zion.app/,https://zion.app/client/s2rvtwo/,https://zion.app/client/s2rvtwo/,200,True,True,
https://zion.app/,https://zion.app/client/netch/,https://zion.app/client/netch/,200,True,True,
https://zion.app/,https://zion.app/client/macos/,https://zion.app/client/macos/,200,True,True,
https://zion.app/,https://zion.app/register-modal/,https://zion.app/register-modal/,200,True,True,
https://zion.app/,https://zion.app/register-modal/,https://zion.app/register-modal/,200,True,True,
https://zion.app/,https://zion.app/register-modal/,https://zion.app/register-modal/,200,True,True,
https://zion.app/,https://zion.app/register-modal/,https://zion.app/register-modal/,200,True,True,
https://zion.app/,https://zion.app/payments/stripe-checkout/wechatpay/4/,https://findfrcourses.com/payments/stripe-checkout-api/wechatpay//4/emlvbi5hcHA=/,404,False,True,HTTPError: Not Found
https://zion.app/,https://zion.app/payments/stripe-checkout/card/4/,https://woaifayu.com/payments/stripe-checkout-api/card//4/emlvbi5hcHA=/,404,False,True,HTTPError: Not Found
https://zion.app/,https://zion.app/payments/stripe-checkout/card/4/,https://woaifayu.com/payments/stripe-checkout-api/card//4/emlvbi5hcHA=/,404,False,True,HTTPError: Not Found
https://zion.app/,https://zion.app/payments/stripe-checkout/wechatpay/5/,https://findfrcourses.com/payments/stripe-checkout-api/wechatpay//5/emlvbi5hcHA=/,404,False,True,HTTPError: Not Found
https://zion.app/,https://zion.app/payments/stripe-checkout/card/5/,https://woaifayu.com/payments/stripe-checkout-api/card//5/emlvbi5hcHA=/,404,False,True,HTTPError: Not Found
https://zion.app/,https://zion.app/payments/stripe-checkout/card/5/,https://woaifayu.com/payments/stripe-checkout-api/card//5/emlvbi5hcHA=/,404,False,True,HTTPError: Not Found
https://zion.app/,https://zion.app/payments/stripe-checkout/wechatpay/6/,https://findfrcourses.com/payments/stripe-checkout-api/wechatpay//6/emlvbi5hcHA=/,404,False,True,HTTPError: Not Found
https://zion.app/,https://zion.app/payments/stripe-checkout/card/6/,https://woaifayu.com/payments/stripe-checkout-api/card//6/emlvbi5hcHA=/,404,False,True,HTTPError: Not Found
https://zion.app/,https://zion.app/payments/stripe-checkout/card/6/,https://woaifayu.com/payments/stripe-checkout-api/card//6/emlvbi5hcHA=/,404,False,True,HTTPError: Not Found
https://zion.app/,https://zion.app/payments/stripe-checkout/wechatpay/7/,https://zion.app/payments/stripe-checkout/wechatpay/7/,500,False,True,HTTPError: Internal Server Error
https://zion.app/,https://zion.app/payments/stripe-checkout/card/7/,https://woaifayu.com/payments/stripe-checkout-api/card//7/emlvbi5hcHA=/,404,False,True,HTTPError: Not Found
https://zion.app/,https://zion.app/payments/stripe-checkout/card/7/,https://woaifayu.com/payments/stripe-checkout-api/card//7/emlvbi5hcHA=/,404,False,True,HTTPError: Not Found
https://zion.app/,https://zion.app/payments/stripe-checkout/wechatpay/8/,https://findfrcourses.com/payments/stripe-checkout-api/wechatpay//8/emlvbi5hcHA=/,404,False,True,HTTPError: Not Found
https://zion.app/,https://zion.app/payments/stripe-checkout/card/8/,https://woaifayu.com/payments/stripe-checkout-api/card//8/emlvbi5hcHA=/,404,False,True,HTTPError: Not Found
https://zion.app/,https://zion.app/payments/stripe-checkout/card/8/,https://woaifayu.com/payments/stripe-checkout-api/card//8/emlvbi5hcHA=/,404,False,True,HTTPError: Not Found
https://zion.app/,https://twitter.com/tizizion,https://twitter.com/tizizion,403,False,False,HTTPError: Forbidden
https://zion.app/,http://weibo.com/zionladder,https://passport.weibo.com/visitor/visitor?entry=miniblog&a=enter&url=https%3A%2F%2Fweibo.com%2Fzionladder&domain=weibo.com&ua=Mozilla%2F5.0%20%28X11%3B%20Linux%20x86_64%29%20AppleWebKit%2F537.36%20%28KHTML%2C%20like%20Gecko%29%20Chrome%2F123%20Safari%2F537.36&_rand=1754954666012&sudaref=,200,True,False,
https://zion.app/,https://www.facebook.com/zionladder/,https://www.facebook.com/login/?next=https%3A%2F%2Fwww.facebook.com%2Fzionladder%2F,400,False,False,HTTPError: Bad Request
https://zion.app/,https://zion.app/privacy/,https://zion.app/privacy/,200,True,True,
https://zion.app/,https://zion.app/terms/,https://zion.app/terms/,200,True,True,
https://zion.app/,https://zion.app/,https://zion.app/,200,True,True,
https://zion.app/,https://zion.app/,https://zion.app/,200,True,True,
https://zion.app/,https://zion.app/,https://zion.app/,200,True,True,
https://zion.app/,https://zion.app/client/windows/,https://zion.app/client/windows/,200,True,True,
https://zion.app/,https://zion.app/client/v2n_win/,https://zion.app/client/v2n_win/,200,True,True,
https://zion.app/,https://zion.app/client/macos/,https://zion.app/client/macos/,200,True,True,
https://zion.app/,https://zion.app/client/srk_mac/,https://zion.app/client/srk_mac/,200,True,True,
https://zion.app/,https://zion.app/client/v2n_macos/,https://zion.app/client/v2n_macos/,200,True,True,
https://zion.app/,https://zion.app/client/srk_ios/,https://zion.app/client/srk_ios/,200,True,True,
https://zion.app/,https://zion.app/client/ios/,https://zion.app/client/ios/,200,True,True,
https://zion.app/,https://zion.app/client/vtwong/,https://zion.app/client/vtwong/,200,True,True,
https://zion.app/,https://zion.app/client/merlin/,https://zion.app/client/merlin/,200,True,True,
https://zion.app/,https://zion.app/client/linux/,https://zion.app/client/linux/,200,True,True,
https://zion.app/,http://blackwolfsec.cc/2016/09/19/Proxifier_Shadowshocks/,http://blackwolfsec.cc/2016/09/19/Proxifier_Shadowshocks/,200,True,False,
https://zion.app/,http://16bing.com/2017/04/23/ss-proxifier/,http://16bing.com/2017/04/23/ss-proxifier/,200,True,False,
https://zion.app/,https://zion.app/client/telegram/,https://zion.app/client/telegram/,200,True,True,
https://zion.app/,https://zion.app/client/line/,https://zion.app/client/line/,200,True,True,
https://zion.app/ssinvite/,https://zion.app/,https://zion.app/,200,True,True,
https://zion.app/ssinvite/,https://faq.zionladder.com,,,False,False,URLError: [Errno -2] Name or service not known
https://zion.app/ssinvite/,https://zion.app/login-modal/,https://zion.app/login-modal/,200,True,True,
https://zion.app/ssinvite/,https://zion.app/ssinvite/,https://zion.app/ssinvite/,200,True,True,
https://zion.app/ssinvite/,https://zion.app/ssinvite/,https://zion.app/ssinvite/,200,True,True,
https://zion.app/ssinvite/,https://twitter.com/tizizion,https://twitter.com/tizizion,403,False,False,HTTPError: Forbidden
https://zion.app/ssinvite/,http://weibo.com/zionladder,https://passport.weibo.com/visitor/visitor?entry=miniblog&a=enter&url=https%3A%2F%2Fweibo.com%2Fzionladder&domain=weibo.com&ua=Mozilla%2F5.0%20%28X11%3B%20Linux%20x86_64%29%20AppleWebKit%2F537.36%20%28KHTML%2C%20like%20Gecko%29%20Chrome%2F123%20Safari%2F537.36&_rand=1754954666012&sudaref=,200,True,False,
https://zion.app/ssinvite/,https://www.facebook.com/zionladder/,https://www.facebook.com/login/?next=https%3A%2F%2Fwww.facebook.com%2Fzionladder%2F,400,False,False,HTTPError: Bad Request
https://zion.app/ssinvite/,https://zion.app/privacy/,https://zion.app/privacy/,200,True,True,
https://zion.app/ssinvite/,https://zion.app/terms/,https://zion.app/terms/,200,True,True,
https://zion.app/ssinvite/,https://zion.app/ssinvite/,https://zion.app/ssinvite/,200,True,True,
https://zion.app/ssinvite/,https://zion.app/ssinvite/,https://zion.app/ssinvite/,200,True,True,
https://zion.app/ssinvite/,https://zion.app/ssinvite/,https://zion.app/ssinvite/,200,True,True,
https://zion.app/ssinvite/,https://zion.app/client/windows/,https://zion.app/client/windows/,200,True,True,
https://zion.app/ssinvite/,https://zion.app/client/v2n_win/,https://zion.app/client/v2n_win/,200,True,True,
https://zion.app/ssinvite/,https://zion.app/client/macos/,https://zion.app/client/macos/,200,True,True,
https://zion.app/ssinvite/,https://zion.app/client/srk_mac/,https://zion.app/client/srk_mac/,200,True,True,
https://zion.app/ssinvite/,https://zion.app/client/v2n_macos/,https://zion.app/client/v2n_macos/,200,True,True,
https://zion.app/ssinvite/,https://zion.app/client/srk_ios/,https://zion.app/client/srk_ios/,200,True,True,
https://zion.app/ssinvite/,https://zion.app/client/ios/,https://zion.app/client/ios/,200,True,True,
https://zion.app/ssinvite/,https://zion.app/client/vtwong/,https://zion.app/client/vtwong/,200,True,True,
https://zion.app/ssinvite/,https://zion.app/client/merlin/,https://zion.app/client/merlin/,200,True,True,
https://zion.app/ssinvite/,https://zion.app/client/linux/,https://zion.app/client/linux/,200,True,True,
https://zion.app/ssinvite/,http://blackwolfsec.cc/2016/09/19/Proxifier_Shadowshocks/,http://blackwolfsec.cc/2016/09/19/Proxifier_Shadowshocks/,200,True,False,
https://zion.app/ssinvite/,http://16bing.com/2017/04/23/ss-proxifier/,http://16bing.com/2017/04/23/ss-proxifier/,200,True,False,
https://zion.app/ssinvite/,https://zion.app/client/telegram/,https://zion.app/client/telegram/,200,True,True,
https://zion.app/ssinvite/,https://zion.app/client/line/,https://zion.app/client/line/,200,True,True,
https://zion.app/login-modal/,https://zion.app/password_reset/,https://zion.app/password_reset/,200,True,True,
https://zion.app/login-modal/,https://zion.app/register-modal/,https://zion.app/register-modal/,200,True,True,
https://zion.app/register-modal/,https://zion.app/login-modal/,https://zion.app/login-modal/,200,True,True,
https://zion.app/client/ios/,https://zion.app/,https://zion.app/,200,True,True,
https://zion.app/client/ios/,https://faq.zionladder.com,,,False,False,URLError: [Errno -2] Name or service not known
https://zion.app/client/ios/,https://zion.app/login-modal/,https://zion.app/login-modal/,200,True,True,
https://zion.app/client/ios/,https://zion.app/client/ios/,https://zion.app/client/ios/,200,True,True,
https://zion.app/client/ios/,https://zion.app/client/srk_ios/,https://zion.app/client/srk_ios/,200,True,True,
https://zion.app/client/ios/,https://zion.app/client/vtwong/,https://zion.app/client/vtwong/,200,True,True,
https://zion.app/client/ios/,https://zion.app/client/windows/,https://zion.app/client/windows/,200,True,True,
https://zion.app/client/ios/,https://zion.app/client/v2n_win/,https://zion.app/client/v2n_win/,200,True,True,
https://zion.app/client/ios/,https://zion.app/client/macos/,https://zion.app/client/macos/,200,True,True,
https://zion.app/client/ios/,https://zion.app/client/srk_mac/,https://zion.app/client/srk_mac/,200,True,True,
https://zion.app/client/ios/,https://zion.app/client/v2n_macos/,https://zion.app/client/v2n_macos/,200,True,True,
https://zion.app/client/ios/,https://zion.app/register-modal/,https://zion.app/register-modal/,200,True,True,
https://zion.app/client/ios/,https://zion.app/client/ios/,https://zion.app/client/ios/,200,True,True,
https://zion.app/client/ios/,https://zion.app/register-modal/,https://zion.app/register-modal/,200,True,True,
https://zion.app/client/ios/,https://twitter.com/tizizion,https://twitter.com/tizizion,403,False,False,HTTPError: Forbidden
https://zion.app/client/ios/,http://weibo.com/zionladder,https://passport.weibo.com/visitor/visitor?entry=miniblog&a=enter&url=https%3A%2F%2Fweibo.com%2Fzionladder&domain=weibo.com&ua=Mozilla%2F5.0%20%28X11%3B%20Linux%20x86_64%29%20AppleWebKit%2F537.36%20%28KHTML%2C%20like%20Gecko%29%20Chrome%2F123%20Safari%2F537.36&_rand=1754954666012&sudaref=,200,True,False,
https://zion.app/client/ios/,https://www.facebook.com/zionladder/,https://www.facebook.com/login/?next=https%3A%2F%2Fwww.facebook.com%2Fzionladder%2F,400,False,False,HTTPError: Bad Request
https://zion.app/client/ios/,https://zion.app/privacy/,https://zion.app/privacy/,200,True,True,
https://zion.app/client/ios/,https://zion.app/terms/,https://zion.app/terms/,200,True,True,
https://zion.app/client/ios/,https://zion.app/client/ios/,https://zion.app/client/ios/,200,True,True,
https://zion.app/client/ios/,https://zion.app/client/ios/,https://zion.app/client/ios/,200,True,True,
https://zion.app/client/ios/,https://zion.app/client/ios/,https://zion.app/client/ios/,200,True,True,
https://zion.app/client/ios/,https://zion.app/client/windows/,https://zion.app/client/windows/,200,True,True,
https://zion.app/client/ios/,https://zion.app/client/v2n_win/,https://zion.app/client/v2n_win/,200,True,True,
https://zion.app/client/ios/,https://zion.app/client/macos/,https://zion.app/client/macos/,200,True,True,
https://zion.app/client/ios/,https://zion.app/client/srk_mac/,https://zion.app/client/srk_mac/,200,True,True,
https://zion.app/client/ios/,https://zion.app/client/v2n_macos/,https://zion.app/client/v2n_macos/,200,True,True,
https://zion.app/client/ios/,https://zion.app/client/srk_ios/,https://zion.app/client/srk_ios/,200,True,True,
https://zion.app/client/ios/,https://zion.app/client/ios/,https://zion.app/client/ios/,200,True,True,
https://zion.app/client/ios/,https://zion.app/client/vtwong/,https://zion.app/client/vtwong/,200,True,True,
https://zion.app/client/ios/,https://zion.app/client/merlin/,https://zion.app/client/merlin/,200,True,True,
https://zion.app/client/ios/,https://zion.app/client/linux/,https://zion.app/client/linux/,200,True,True,
https://zion.app/client/ios/,http://blackwolfsec.cc/2016/09/19/Proxifier_Shadowshocks/,http://blackwolfsec.cc/2016/09/19/Proxifier_Shadowshocks/,200,True,False,
https://zion.app/client/ios/,http://16bing.com/2017/04/23/ss-proxifier/,http://16bing.com/2017/04/23/ss-proxifier/,200,True,False,
https://zion.app/client/ios/,https://zion.app/client/telegram/,https://zion.app/client/telegram/,200,True,True,
https://zion.app/client/ios/,https://zion.app/client/line/,https://zion.app/client/line/,200,True,True,
https://zion.app/client/srk_ios/,https://zion.app/,https://zion.app/,200,True,True,
https://zion.app/client/srk_ios/,https://faq.zionladder.com,,,False,False,URLError: [Errno -2] Name or service not known
https://zion.app/client/srk_ios/,https://zion.app/login-modal/,https://zion.app/login-modal/,200,True,True,
https://zion.app/client/srk_ios/,https://zion.app/client/ios/,https://zion.app/client/ios/,200,True,True,
https://zion.app/client/srk_ios/,https://zion.app/client/srk_ios/,https://zion.app/client/srk_ios/,200,True,True,
https://zion.app/client/srk_ios/,https://zion.app/client/vtwong/,https://zion.app/client/vtwong/,200,True,True,
https://zion.app/client/srk_ios/,https://zion.app/client/windows/,https://zion.app/client/windows/,200,True,True,
https://zion.app/client/srk_ios/,https://zion.app/client/v2n_win/,https://zion.app/client/v2n_win/,200,True,True,
https://zion.app/client/srk_ios/,https://zion.app/client/macos/,https://zion.app/client/macos/,200,True,True,
https://zion.app/client/srk_ios/,https://zion.app/client/srk_mac/,https://zion.app/client/srk_mac/,200,True,True,
https://zion.app/client/srk_ios/,https://zion.app/client/v2n_macos/,https://zion.app/client/v2n_macos/,200,True,True,
https://zion.app/client/srk_ios/,https://zion.app/login-modal/,https://zion.app/login-modal/,200,True,True,
https://zion.app/client/srk_ios/,https://zion.app/register-modal/,https://zion.app/register-modal/,200,True,True,
https://zion.app/client/srk_ios/,https://zion.app/client/srk_ios/,https://zion.app/client/srk_ios/,200,True,True,
https://zion.app/client/srk_ios/,https://zion.app/register-modal/,https://zion.app/register-modal/,200,True,True,
https://zion.app/client/srk_ios/,https://zion.app/register-modal/,https://zion.app/register-modal/,200,True,True,
https://zion.app/client/srk_ios/,https://twitter.com/tizizion,https://twitter.com/tizizion,403,False,False,HTTPError: Forbidden
https://zion.app/client/srk_ios/,http://weibo.com/zionladder,https://passport.weibo.com/visitor/visitor?entry=miniblog&a=enter&url=https%3A%2F%2Fweibo.com%2Fzionladder&domain=weibo.com&ua=Mozilla%2F5.0%20%28X11%3B%20Linux%20x86_64%29%20AppleWebKit%2F537.36%20%28KHTML%2C%20like%20Gecko%29%20Chrome%2F123%20Safari%2F537.36&_rand=1754954666012&sudaref=,200,True,False,
https://zion.app/client/srk_ios/,https://www.facebook.com/zionladder/,https://www.facebook.com/login/?next=https%3A%2F%2Fwww.facebook.com%2Fzionladder%2F,400,False,False,HTTPError: Bad Request
https://zion.app/client/srk_ios/,https://zion.app/privacy/,https://zion.app/privacy/,200,True,True,
https://zion.app/client/srk_ios/,https://zion.app/terms/,https://zion.app/terms/,200,True,True,
https://zion.app/client/srk_ios/,https://zion.app/client/srk_ios/,https://zion.app/client/srk_ios/,200,True,True,
https://zion.app/client/srk_ios/,https://zion.app/client/srk_ios/,https://zion.app/client/srk_ios/,200,True,True,
https://zion.app/client/srk_ios/,https://zion.app/client/srk_ios/,https://zion.app/client/srk_ios/,200,True,True,
https://zion.app/client/srk_ios/,https://zion.app/client/windows/,https://zion.app/client/windows/,200,True,True,
https://zion.app/client/srk_ios/,https://zion.app/client/v2n_win/,https://zion.app/client/v2n_win/,200,True,True,
https://zion.app/client/srk_ios/,https://zion.app/client/macos/,https://zion.app/client/macos/,200,True,True,
https://zion.app/client/srk_ios/,https://zion.app/client/srk_mac/,https://zion.app/client/srk_mac/,200,True,True,
https://zion.app/client/srk_ios/,https://zion.app/client/v2n_macos/,https://zion.app/client/v2n_macos/,200,True,True,
https://zion.app/client/srk_ios/,https://zion.app/client/srk_ios/,https://zion.app/client/srk_ios/,200,True,True,
https://zion.app/client/srk_ios/,https://zion.app/client/ios/,https://zion.app/client/ios/,200,True,True,
https://zion.app/client/srk_ios/,https://zion.app/client/vtwong/,https://zion.app/client/vtwong/,200,True,True,
https://zion.app/client/srk_ios/,https://zion.app/client/merlin/,https://zion.app/client/merlin/,200,True,True,
https://zion.app/client/srk_ios/,https://zion.app/client/linux/,https://zion.app/client/linux/,200,True,True,
https://zion.app/client/srk_ios/,http://blackwolfsec.cc/2016/09/19/Proxifier_Shadowshocks/,http://blackwolfsec.cc/2016/09/19/Proxifier_Shadowshocks/,200,True,False,
https://zion.app/client/srk_ios/,http://16bing.com/2017/04/23/ss-proxifier/,http://16bing.com/2017/04/23/ss-proxifier/,200,True,False,
https://zion.app/client/srk_ios/,https://zion.app/client/telegram/,https://zion.app/client/telegram/,200,True,True,
https://zion.app/client/srk_ios/,https://zion.app/client/line/,https://zion.app/client/line/,200,True,True,
https://zion.app/client/s2rvtwo/,https://zion.app/,https://zion.app/,200,True,True,
https://zion.app/client/s2rvtwo/,https://faq.zionladder.com,,,False,False,URLError: [Errno -2] Name or service not known
https://zion.app/client/s2rvtwo/,https://zion.app/login-modal/,https://zion.app/login-modal/,200,True,True,
https://zion.app/client/s2rvtwo/,https://zion.app/client/ios/,https://zion.app/client/ios/,200,True,True,
https://zion.app/client/s2rvtwo/,https://zion.app/client/srk_ios/,https://zion.app/client/srk_ios/,200,True,True,
https://zion.app/client/s2rvtwo/,https://zion.app/client/vtwong/,https://zion.app/client/vtwong/,200,True,True,
https://zion.app/client/s2rvtwo/,https://zion.app/client/windows/,https://zion.app/client/windows/,200,True,True,
https://zion.app/client/s2rvtwo/,https://zion.app/client/v2n_win/,https://zion.app/client/v2n_win/,200,True,True,
https://zion.app/client/s2rvtwo/,https://zion.app/client/macos/,https://zion.app/client/macos/,200,True,True,
https://zion.app/client/s2rvtwo/,https://zion.app/client/srk_mac/,https://zion.app/client/srk_mac/,200,True,True,
https://zion.app/client/s2rvtwo/,https://zion.app/client/v2n_macos/,https://zion.app/client/v2n_macos/,200,True,True,
https://zion.app/client/s2rvtwo/,https://storage.googleapis.com/zclients/s2r-v2n.apk,https://storage.googleapis.com/zclients/s2r-v2n.apk,200,True,False,
https://zion.app/client/s2rvtwo/,https://nblanc.s3.ap-east-1.amazonaws.com/s2r-v2n.apk,https://nblanc.s3.ap-east-1.amazonaws.com/s2r-v2n.apk,200,True,False,
https://zion.app/client/s2rvtwo/,https://zion.app/login-modal/,https://zion.app/login-modal/,200,True,True,
https://zion.app/client/s2rvtwo/,https://zion.app/register-modal/,https://zion.app/register-modal/,200,True,True,
https://zion.app/client/s2rvtwo/,https://zion.app/client/s2rvtwo/,https://zion.app/client/s2rvtwo/,200,True,True,
https://zion.app/client/s2rvtwo/,https://twitter.com/tizizion,https://twitter.com/tizizion,403,False,False,HTTPError: Forbidden
https://zion.app/client/s2rvtwo/,http://weibo.com/zionladder,https://passport.weibo.com/visitor/visitor?entry=miniblog&a=enter&url=https%3A%2F%2Fweibo.com%2Fzionladder&domain=weibo.com&ua=Mozilla%2F5.0%20%28X11%3B%20Linux%20x86_64%29%20AppleWebKit%2F537.36%20%28KHTML%2C%20like%20Gecko%29%20Chrome%2F123%20Safari%2F537.36&_rand=1754954666012&sudaref=,200,True,False,
https://zion.app/client/s2rvtwo/,https://www.facebook.com/zionladder/,https://www.facebook.com/login/?next=https%3A%2F%2Fwww.facebook.com%2Fzionladder%2F,400,False,False,HTTPError: Bad Request
https://zion.app/client/s2rvtwo/,https://zion.app/privacy/,https://zion.app/privacy/,200,True,True,
https://zion.app/client/s2rvtwo/,https://zion.app/terms/,https://zion.app/terms/,200,True,True,
https://zion.app/client/s2rvtwo/,https://zion.app/client/s2rvtwo/,https://zion.app/client/s2rvtwo/,200,True,True,
https://zion.app/client/s2rvtwo/,https://zion.app/client/s2rvtwo/,https://zion.app/client/s2rvtwo/,200,True,True,
https://zion.app/client/s2rvtwo/,https://zion.app/client/s2rvtwo/,https://zion.app/client/s2rvtwo/,200,True,True,
https://zion.app/client/s2rvtwo/,https://zion.app/client/windows/,https://zion.app/client/windows/,200,True,True,
https://zion.app/client/s2rvtwo/,https://zion.app/client/v2n_win/,https://zion.app/client/v2n_win/,200,True,True,
https://zion.app/client/s2rvtwo/,https://zion.app/client/macos/,https://zion.app/client/macos/,200,True,True,
https://zion.app/client/s2rvtwo/,https://zion.app/client/srk_mac/,https://zion.app/client/srk_mac/,200,True,True,
https://zion.app/client/s2rvtwo/,https://zion.app/client/v2n_macos/,https://zion.app/client/v2n_macos/,200,True,True,
https://zion.app/client/s2rvtwo/,https://zion.app/client/srk_ios/,https://zion.app/client/srk_ios/,200,True,True,
https://zion.app/client/s2rvtwo/,https://zion.app/client/ios/,https://zion.app/client/ios/,200,True,True,
https://zion.app/client/s2rvtwo/,https://zion.app/client/vtwong/,https://zion.app/client/vtwong/,200,True,True,
https://zion.app/client/s2rvtwo/,https://zion.app/client/merlin/,https://zion.app/client/merlin/,200,True,True,
https://zion.app/client/s2rvtwo/,https://zion.app/client/linux/,https://zion.app/client/linux/,200,True,True,
https://zion.app/client/s2rvtwo/,http://blackwolfsec.cc/2016/09/19/Proxifier_Shadowshocks/,http://blackwolfsec.cc/2016/09/19/Proxifier_Shadowshocks/,200,True,False,
https://zion.app/client/s2rvtwo/,http://16bing.com/2017/04/23/ss-proxifier/,http://16bing.com/2017/04/23/ss-proxifier/,200,True,False,
https://zion.app/client/s2rvtwo/,https://zion.app/client/telegram/,https://zion.app/client/telegram/,200,True,True,
https://zion.app/client/s2rvtwo/,https://zion.app/client/line/,https://zion.app/client/line/,200,True,True,
https://zion.app/client/netch/,https://zion.app/,https://zion.app/,200,True,True,
https://zion.app/client/netch/,https://faq.zionladder.com,,,False,False,URLError: [Errno -2] Name or service not known
https://zion.app/client/netch/,https://zion.app/login-modal/,https://zion.app/login-modal/,200,True,True,
https://zion.app/client/netch/,https://zion.app/client/ios/,https://zion.app/client/ios/,200,True,True,
https://zion.app/client/netch/,https://zion.app/client/srk_ios/,https://zion.app/client/srk_ios/,200,True,True,
https://zion.app/client/netch/,https://zion.app/client/vtwong/,https://zion.app/client/vtwong/,200,True,True,
https://zion.app/client/netch/,https://zion.app/client/windows/,https://zion.app/client/windows/,200,True,True,
https://zion.app/client/netch/,https://zion.app/client/v2n_win/,https://zion.app/client/v2n_win/,200,True,True,
https://zion.app/client/netch/,https://zion.app/client/macos/,https://zion.app/client/macos/,200,True,True,
https://zion.app/client/netch/,https://zion.app/client/srk_mac/,https://zion.app/client/srk_mac/,200,True,True,
https://zion.app/client/netch/,https://zion.app/client/v2n_macos/,https://zion.app/client/v2n_macos/,200,True,True,
https://zion.app/client/netch/,https://clients-1tz.oss-cn-hangzhou.aliyuncs.com/win/third_party/Netch174.zip,https://clients-1tz.oss-cn-hangzhou.aliyuncs.com/win/third_party/Netch174.zip,404,False,False,HTTPError: Not Found
https://zion.app/client/netch/,https://clients-1tz.oss-cn-hangzhou.aliyuncs.com/win/third_party/Netch174.zip,https://clients-1tz.oss-cn-hangzhou.aliyuncs.com/win/third_party/Netch174.zip,404,False,False,HTTPError: Not Found
https://zion.app/client/netch/,https://zion.app/login-modal/,https://zion.app/login-modal/,200,True,True,
https://zion.app/client/netch/,https://zion.app/register-modal/,https://zion.app/register-modal/,200,True,True,
https://zion.app/client/netch/,https://zion.app/client/netch/,https://zion.app/client/netch/,200,True,True,
https://zion.app/client/netch/,https://zladder.oss-cn-shanghai.aliyuncs.com/win/ndp48-x86-x64-allos-enu.exe,https://zladder.oss-cn-shanghai.aliyuncs.com/win/ndp48-x86-x64-allos-enu.exe,200,True,False,
https://zion.app/client/netch/,https://zladder.oss-cn-shanghai.aliyuncs.com/win/VC_redist.x64.exe,https://zladder.oss-cn-shanghai.aliyuncs.com/win/VC_redist.x64.exe,200,True,False,
https://zion.app/client/netch/,https://zladder.oss-cn-shanghai.aliyuncs.com/win/VC_redist.x86.exe,https://zladder.oss-cn-shanghai.aliyuncs.com/win/VC_redist.x86.exe,200,True,False,
https://zion.app/client/netch/,https://clients-1tz.oss-cn-hangzhou.aliyuncs.com/win/ChromeStandaloneSetup64.exe,https://clients-1tz.oss-cn-hangzhou.aliyuncs.com/win/ChromeStandaloneSetup64.exe,200,True,False,
https://zion.app/client/netch/,https://twitter.com/tizizion,https://twitter.com/tizizion,403,False,False,HTTPError: Forbidden
https://zion.app/client/netch/,http://weibo.com/zionladder,https://passport.weibo.com/visitor/visitor?entry=miniblog&a=enter&url=https%3A%2F%2Fweibo.com%2Fzionladder&domain=weibo.com&ua=Mozilla%2F5.0%20%28X11%3B%20Linux%20x86_64%29%20AppleWebKit%2F537.36%20%28KHTML%2C%20like%20Gecko%29%20Chrome%2F123%20Safari%2F537.36&_rand=1754954666012&sudaref=,200,True,False,
https://zion.app/client/netch/,https://www.facebook.com/zionladder/,https://www.facebook.com/login/?next=https%3A%2F%2Fwww.facebook.com%2Fzionladder%2F,400,False,False,HTTPError: Bad Request
https://zion.app/client/netch/,https://zion.app/privacy/,https://zion.app/privacy/,200,True,True,
https://zion.app/client/netch/,https://zion.app/terms/,https://zion.app/terms/,200,True,True,
https://zion.app/client/netch/,https://zion.app/client/netch/,https://zion.app/client/netch/,200,True,True,
https://zion.app/client/netch/,https://zion.app/client/netch/,https://zion.app/client/netch/,200,True,True,
https://zion.app/client/netch/,https://zion.app/client/netch/,https://zion.app/client/netch/,200,True,True,
https://zion.app/client/netch/,https://zion.app/client/windows/,https://zion.app/client/windows/,200,True,True,
https://zion.app/client/netch/,https://zion.app/client/v2n_win/,https://zion.app/client/v2n_win/,200,True,True,
https://zion.app/client/netch/,https://zion.app/client/macos/,https://zion.app/client/macos/,200,True,True,
https://zion.app/client/netch/,https://zion.app/client/srk_mac/,https://zion.app/client/srk_mac/,200,True,True,
https://zion.app/client/netch/,https://zion.app/client/v2n_macos/,https://zion.app/client/v2n_macos/,200,True,True,
https://zion.app/client/netch/,https://zion.app/client/srk_ios/,https://zion.app/client/srk_ios/,200,True,True,
https://zion.app/client/netch/,https://zion.app/client/ios/,https://zion.app/client/ios/,200,True,True,
https://zion.app/client/netch/,https://zion.app/client/vtwong/,https://zion.app/client/vtwong/,200,True,True,
https://zion.app/client/netch/,https://zion.app/client/merlin/,https://zion.app/client/merlin/,200,True,True,
https://zion.app/client/netch/,https://zion.app/client/linux/,https://zion.app/client/linux/,200,True,True,
https://zion.app/client/netch/,http://blackwolfsec.cc/2016/09/19/Proxifier_Shadowshocks/,http://blackwolfsec.cc/2016/09/19/Proxifier_Shadowshocks/,200,True,False,
https://zion.app/client/netch/,http://16bing.com/2017/04/23/ss-proxifier/,http://16bing.com/2017/04/23/ss-proxifier/,200,True,False,
https://zion.app/client/netch/,https://zion.app/client/telegram/,https://zion.app/client/telegram/,200,True,True,
https://zion.app/client/netch/,https://zion.app/client/line/,https://zion.app/client/line/,200,True,True,
https://zion.app/client/macos/,https://zion.app/,https://zion.app/,200,True,True,
https://zion.app/client/macos/,https://faq.zionladder.com,,,False,False,URLError: [Errno -2] Name or service not known
https://zion.app/client/macos/,https://zion.app/login-modal/,https://zion.app/login-modal/,200,True,True,
https://zion.app/client/macos/,https://zion.app/client/ios/,https://zion.app/client/ios/,200,True,True,
https://zion.app/client/macos/,https://zion.app/client/srk_ios/,https://zion.app/client/srk_ios/,200,True,True,
https://zion.app/client/macos/,https://zion.app/client/vtwong/,https://zion.app/client/vtwong/,200,True,True,
https://zion.app/client/macos/,https://zion.app/client/windows/,https://zion.app/client/windows/,200,True,True,
https://zion.app/client/macos/,https://zion.app/client/v2n_win/,https://zion.app/client/v2n_win/,200,True,True,
https://zion.app/client/macos/,https://zion.app/client/macos/,https://zion.app/client/macos/,200,True,True,
https://zion.app/client/macos/,https://zion.app/client/srk_mac/,https://zion.app/client/srk_mac/,200,True,True,
https://zion.app/client/macos/,https://zion.app/client/v2n_macos/,https://zion.app/client/v2n_macos/,200,True,True,
https://zion.app/client/macos/,https://clients-1tz.oss-cn-hangzhou.aliyuncs.com/macos/ZionLadder.dmg,https://clients-1tz.oss-cn-hangzhou.aliyuncs.com/macos/ZionLadder.dmg,200,True,False,
https://zion.app/client/macos/,https://clients-1tz.oss-cn-hangzhou.aliyuncs.com/macos/ZionLadderX.dmg,https://clients-1tz.oss-cn-hangzhou.aliyuncs.com/macos/ZionLadderX.dmg,200,True,False,
https://zion.app/client/macos/,https://zion.app/client/macos/,https://zion.app/client/macos/,200,True,True,
https://zion.app/client/macos/,https://twitter.com/tizizion,https://twitter.com/tizizion,403,False,False,HTTPError: Forbidden
https://zion.app/client/macos/,http://weibo.com/zionladder,https://passport.weibo.com/visitor/visitor?entry=miniblog&a=enter&url=https%3A%2F%2Fweibo.com%2Fzionladder&domain=weibo.com&ua=Mozilla%2F5.0%20%28X11%3B%20Linux%20x86_64%29%20AppleWebKit%2F537.36%20%28KHTML%2C%20like%20Gecko%29%20Chrome%2F123%20Safari%2F537.36&_rand=1754954666012&sudaref=,200,True,False,
https://zion.app/client/macos/,https://www.facebook.com/zionladder/,https://www.facebook.com/login/?next=https%3A%2F%2Fwww.facebook.com%2Fzionladder%2F,400,False,False,HTTPError: Bad Request
https://zion.app/client/macos/,https://zion.app/privacy/,https://zion.app/privacy/,200,True,True,
https://zion.app/client/macos/,https://zion.app/terms/,https://zion.app/terms/,200,True,True,
https://zion.app/client/macos/,https://zion.app/client/macos/,https://zion.app/client/macos/,200,True,True,
https://zion.app/client/macos/,https://zion.app/client/macos/,https://zion.app/client/macos/,200,True,True,
https://zion.app/client/macos/,https://zion.app/client/macos/,https://zion.app/client/macos/,200,True,True,
https://zion.app/client/macos/,https://zion.app/client/windows/,https://zion.app/client/windows/,200,True,True,
https://zion.app/client/macos/,https://zion.app/client/v2n_win/,https://zion.app/client/v2n_win/,200,True,True,
https://zion.app/client/macos/,https://zion.app/client/macos/,https://zion.app/client/macos/,200,True,True,
https://zion.app/client/macos/,https://zion.app/client/srk_mac/,https://zion.app/client/srk_mac/,200,True,True,
https://zion.app/client/macos/,https://zion.app/client/v2n_macos/,https://zion.app/client/v2n_macos/,200,True,True,
https://zion.app/client/macos/,https://zion.app/client/srk_ios/,https://zion.app/client/srk_ios/,200,True,True,
https://zion.app/client/macos/,https://zion.app/client/ios/,https://zion.app/client/ios/,200,True,True,
https://zion.app/client/macos/,https://zion.app/client/vtwong/,https://zion.app/client/vtwong/,200,True,True,
https://zion.app/client/macos/,https://zion.app/client/merlin/,https://zion.app/client/merlin/,200,True,True,
https://zion.app/client/macos/,https://zion.app/client/linux/,https://zion.app/client/linux/,200,True,True,
https://zion.app/client/macos/,http://blackwolfsec.cc/2016/09/19/Proxifier_Shadowshocks/,http://blackwolfsec.cc/2016/09/19/Proxifier_Shadowshocks/,200,True,False,
https://zion.app/client/macos/,http://16bing.com/2017/04/23/ss-proxifier/,http://16bing.com/2017/04/23/ss-proxifier/,200,True,False,
https://zion.app/client/macos/,https://zion.app/client/telegram/,https://zion.app/client/telegram/,200,True,True,
https://zion.app/client/macos/,https://zion.app/client/line/,https://zion.app/client/line/,200,True,True,
https://zion.app/privacy/,https://zion.app/,https://zion.app/,200,True,True,
https://zion.app/privacy/,https://zion.app/,https://zion.app/,200,True,True,
https://zion.app/privacy/,https://twitter.com/tizizion,https://twitter.com/tizizion,403,False,False,HTTPError: Forbidden
https://zion.app/privacy/,http://weibo.com/zionladder,https://passport.weibo.com/visitor/visitor?entry=miniblog&a=enter&url=https%3A%2F%2Fweibo.com%2Fzionladder&domain=weibo.com&ua=Mozilla%2F5.0%20%28X11%3B%20Linux%20x86_64%29%20AppleWebKit%2F537.36%20%28KHTML%2C%20like%20Gecko%29%20Chrome%2F123%20Safari%2F537.36&_rand=1754954666012&sudaref=,200,True,False,
https://zion.app/privacy/,https://www.facebook.com/zionladder/,https://www.facebook.com/login/?next=https%3A%2F%2Fwww.facebook.com%2Fzionladder%2F,400,False,False,HTTPError: Bad Request
https://zion.app/privacy/,https://zion.app/privacy/,https://zion.app/privacy/,200,True,True,
https://zion.app/privacy/,https://zion.app/terms/,https://zion.app/terms/,200,True,True,
https://zion.app/privacy/,https://zion.app/privacy/,https://zion.app/privacy/,200,True,True,
https://zion.app/privacy/,https://zion.app/privacy/,https://zion.app/privacy/,200,True,True,
https://zion.app/privacy/,https://zion.app/privacy/,https://zion.app/privacy/,200,True,True,
https://zion.app/privacy/,https://zion.app/client/windows/,https://zion.app/client/windows/,200,True,True,
https://zion.app/privacy/,https://zion.app/client/v2n_win/,https://zion.app/client/v2n_win/,200,True,True,
https://zion.app/privacy/,https://zion.app/client/macos/,https://zion.app/client/macos/,200,True,True,
https://zion.app/privacy/,https://zion.app/client/srk_mac/,https://zion.app/client/srk_mac/,200,True,True,
https://zion.app/privacy/,https://zion.app/client/v2n_macos/,https://zion.app/client/v2n_macos/,200,True,True,
https://zion.app/privacy/,https://zion.app/client/srk_ios/,https://zion.app/client/srk_ios/,200,True,True,
https://zion.app/privacy/,https://zion.app/client/ios/,https://zion.app/client/ios/,200,True,True,
https://zion.app/privacy/,https://zion.app/client/vtwong/,https://zion.app/client/vtwong/,200,True,True,
https://zion.app/privacy/,https://zion.app/client/merlin/,https://zion.app/client/merlin/,200,True,True,
https://zion.app/privacy/,https://zion.app/client/linux/,https://zion.app/client/linux/,200,True,True,
https://zion.app/privacy/,http://blackwolfsec.cc/2016/09/19/Proxifier_Shadowshocks/,http://blackwolfsec.cc/2016/09/19/Proxifier_Shadowshocks/,200,True,False,
https://zion.app/privacy/,http://16bing.com/2017/04/23/ss-proxifier/,http://16bing.com/2017/04/23/ss-proxifier/,200,True,False,
https://zion.app/privacy/,https://zion.app/client/telegram/,https://zion.app/client/telegram/,200,True,True,
https://zion.app/privacy/,https://zion.app/client/line/,https://zion.app/client/line/,200,True,True,
https://zion.app/terms/,https://zion.app/,https://zion.app/,200,True,True,
https://zion.app/terms/,https://zion.app/,https://zion.app/,200,True,True,
https://zion.app/terms/,https://twitter.com/tizizion,https://twitter.com/tizizion,403,False,False,HTTPError: Forbidden
https://zion.app/terms/,http://weibo.com/zionladder,https://passport.weibo.com/visitor/visitor?entry=miniblog&a=enter&url=https%3A%2F%2Fweibo.com%2Fzionladder&domain=weibo.com&ua=Mozilla%2F5.0%20%28X11%3B%20Linux%20x86_64%29%20AppleWebKit%2F537.36%20%28KHTML%2C%20like%20Gecko%29%20Chrome%2F123%20Safari%2F537.36&_rand=1754954666012&sudaref=,200,True,False,
https://zion.app/terms/,https://www.facebook.com/zionladder/,https://www.facebook.com/login/?next=https%3A%2F%2Fwww.facebook.com%2Fzionladder%2F,400,False,False,HTTPError: Bad Request
https://zion.app/terms/,https://zion.app/privacy/,https://zion.app/privacy/,200,True,True,
https://zion.app/terms/,https://zion.app/terms/,https://zion.app/terms/,200,True,True,
https://zion.app/terms/,https://zion.app/terms/,https://zion.app/terms/,200,True,True,
https://zion.app/terms/,https://zion.app/terms/,https://zion.app/terms/,200,True,True,
https://zion.app/terms/,https://zion.app/terms/,https://zion.app/terms/,200,True,True,
https://zion.app/terms/,https://zion.app/client/windows/,https://zion.app/client/windows/,200,True,True,
https://zion.app/terms/,https://zion.app/client/v2n_win/,https://zion.app/client/v2n_win/,200,True,True,
https://zion.app/terms/,https://zion.app/client/macos/,https://zion.app/client/macos/,200,True,True,
https://zion.app/terms/,https://zion.app/client/srk_mac/,https://zion.app/client/srk_mac/,200,True,True,
https://zion.app/terms/,https://zion.app/client/v2n_macos/,https://zion.app/client/v2n_macos/,200,True,True,
https://zion.app/terms/,https://zion.app/client/srk_ios/,https://zion.app/client/srk_ios/,200,True,True,
https://zion.app/terms/,https://zion.app/client/ios/,https://zion.app/client/ios/,200,True,True,
https://zion.app/terms/,https://zion.app/client/vtwong/,https://zion.app/client/vtwong/,200,True,True,
https://zion.app/terms/,https://zion.app/client/merlin/,https://zion.app/client/merlin/,200,True,True,
https://zion.app/terms/,https://zion.app/client/linux/,https://zion.app/client/linux/,200,True,True,
https://zion.app/terms/,http://blackwolfsec.cc/2016/09/19/Proxifier_Shadowshocks/,http://blackwolfsec.cc/2016/09/19/Proxifier_Shadowshocks/,200,True,False,
https://zion.app/terms/,http://16bing.com/2017/04/23/ss-proxifier/,http://16bing.com/2017/04/23/ss-proxifier/,200,True,False,
https://zion.app/terms/,https://zion.app/client/telegram/,https://zion.app/client/telegram/,200,True,True,
https://zion.app/terms/,https://zion.app/client/line/,https://zion.app/client/line/,200,True,True,
https://zion.app/client/windows/,https://zion.app/,https://zion.app/,200,True,True,
https://zion.app/client/windows/,https://faq.zionladder.com,,,False,False,URLError: [Errno -2] Name or service not known
https://zion.app/client/windows/,https://zion.app/login-modal/,https://zion.app/login-modal/,200,True,True,
https://zion.app/client/windows/,https://zion.app/client/ios/,https://zion.app/client/ios/,200,True,True,
https://zion.app/client/windows/,https://zion.app/client/srk_ios/,https://zion.app/client/srk_ios/,200,True,True,
https://zion.app/client/windows/,https://zion.app/client/vtwong/,https://zion.app/client/vtwong/,200,True,True,
https://zion.app/client/windows/,https://zion.app/client/windows/,https://zion.app/client/windows/,200,True,True,
https://zion.app/client/windows/,https://zion.app/client/v2n_win/,https://zion.app/client/v2n_win/,200,True,True,
https://zion.app/client/windows/,https://zion.app/client/macos/,https://zion.app/client/macos/,200,True,True,
https://zion.app/client/windows/,https://zion.app/client/srk_mac/,https://zion.app/client/srk_mac/,200,True,True,
https://zion.app/client/windows/,https://zion.app/client/v2n_macos/,https://zion.app/client/v2n_macos/,200,True,True,
https://zion.app/client/windows/,https://clients-1tz.oss-cn-hangzhou.aliyuncs.com/win/self_owned/ZionLadder.zip,https://clients-1tz.oss-cn-hangzhou.aliyuncs.com/win/self_owned/ZionLadder.zip,200,True,False,
https://zion.app/client/windows/,https://clients-1tz.oss-cn-hangzhou.aliyuncs.com/win/self_owned/2.5.3/ZionSetup.msi,https://clients-1tz.oss-cn-hangzhou.aliyuncs.com/win/self_owned/2.5.3/ZionSetup.msi,200,True,False,
https://zion.app/client/windows/,https://clients-1tz.oss-cn-hangzhou.aliyuncs.com/win/self_owned/ZionLadder.zip,https://clients-1tz.oss-cn-hangzhou.aliyuncs.com/win/self_owned/ZionLadder.zip,200,True,False,
https://zion.app/client/windows/,https://clients-1tz.oss-cn-hangzhou.aliyuncs.com/win/ChromeStandaloneSetup64.exe,https://clients-1tz.oss-cn-hangzhou.aliyuncs.com/win/ChromeStandaloneSetup64.exe,200,True,False,
https://zion.app/client/windows/,https://zion.app/client/windows/,https://zion.app/client/windows/,200,True,True,
https://zion.app/client/windows/,https://zion.app/register-modal/,https://zion.app/register-modal/,200,True,True,
https://zion.app/client/windows/,https://clients-1tz.oss-cn-hangzhou.aliyuncs.com/win/ChromeStandaloneSetup64.exe,https://clients-1tz.oss-cn-hangzhou.aliyuncs.com/win/ChromeStandaloneSetup64.exe,200,True,False,
https://zion.app/client/windows/,https://twitter.com/tizizion,https://twitter.com/tizizion,403,False,False,HTTPError: Forbidden
https://zion.app/client/windows/,http://weibo.com/zionladder,https://passport.weibo.com/visitor/visitor?entry=miniblog&a=enter&url=https%3A%2F%2Fweibo.com%2Fzionladder&domain=weibo.com&ua=Mozilla%2F5.0%20%28X11%3B%20Linux%20x86_64%29%20AppleWebKit%2F537.36%20%28KHTML%2C%20like%20Gecko%29%20Chrome%2F123%20Safari%2F537.36&_rand=1754954666012&sudaref=,200,True,False,
https://zion.app/client/windows/,https://www.facebook.com/zionladder/,https://www.facebook.com/login/?next=https%3A%2F%2Fwww.facebook.com%2Fzionladder%2F,400,False,False,HTTPError: Bad Request
https://zion.app/client/windows/,https://zion.app/privacy/,https://zion.app/privacy/,200,True,True,
https://zion.app/client/windows/,https://zion.app/terms/,https://zion.app/terms/,200,True,True,
https://zion.app/client/windows/,https://zion.app/client/windows/,https://zion.app/client/windows/,200,True,True,
https://zion.app/client/windows/,https://zion.app/client/windows/,https://zion.app/client/windows/,200,True,True,
https://zion.app/client/windows/,https://zion.app/client/windows/,https://zion.app/client/windows/,200,True,True,
https://zion.app/client/windows/,https://zion.app/client/windows/,https://zion.app/client/windows/,200,True,True,
https://zion.app/client/windows/,https://zion.app/client/v2n_win/,https://zion.app/client/v2n_win/,200,True,True,
https://zion.app/client/windows/,https://zion.app/client/macos/,https://zion.app/client/macos/,200,True,True,
https://zion.app/client/windows/,https://zion.app/client/srk_mac/,https://zion.app/client/srk_mac/,200,True,True,
https://zion.app/client/windows/,https://zion.app/client/v2n_macos/,https://zion.app/client/v2n_macos/,200,True,True,
https://zion.app/client/windows/,https://zion.app/client/srk_ios/,https://zion.app/client/srk_ios/,200,True,True,
https://zion.app/client/windows/,https://zion.app/client/ios/,https://zion.app/client/ios/,200,True,True,
https://zion.app/client/windows/,https://zion.app/client/vtwong/,https://zion.app/client/vtwong/,200,True,True,
https://zion.app/client/windows/,https://zion.app/client/merlin/,https://zion.app/client/merlin/,200,True,True,
https://zion.app/client/windows/,https://zion.app/client/linux/,https://zion.app/client/linux/,200,True,True,
https://zion.app/client/windows/,http://blackwolfsec.cc/2016/09/19/Proxifier_Shadowshocks/,http://blackwolfsec.cc/2016/09/19/Proxifier_Shadowshocks/,200,True,False,
https://zion.app/client/windows/,http://16bing.com/2017/04/23/ss-proxifier/,http://16bing.com/2017/04/23/ss-proxifier/,200,True,False,
https://zion.app/client/windows/,https://zion.app/client/telegram/,https://zion.app/client/telegram/,200,True,True,
https://zion.app/client/windows/,https://zion.app/client/line/,https://zion.app/client/line/,200,True,True,
https://zion.app/client/v2n_win/,https://zion.app/,https://zion.app/,200,True,True,
https://zion.app/client/v2n_win/,https://faq.zionladder.com,,,False,False,URLError: [Errno -2] Name or service not known
https://zion.app/client/v2n_win/,https://zion.app/login-modal/,https://zion.app/login-modal/,200,True,True,
https://zion.app/client/v2n_win/,https://zion.app/client/ios/,https://zion.app/client/ios/,200,True,True,
https://zion.app/client/v2n_win/,https://zion.app/client/srk_ios/,https://zion.app/client/srk_ios/,200,True,True,
https://zion.app/client/v2n_win/,https://zion.app/client/vtwong/,https://zion.app/client/vtwong/,200,True,True,
https://zion.app/client/v2n_win/,https://zion.app/client/windows/,https://zion.app/client/windows/,200,True,True,
https://zion.app/client/v2n_win/,https://zion.app/client/v2n_win/,https://zion.app/client/v2n_win/,200,True,True,
https://zion.app/client/v2n_win/,https://zion.app/client/macos/,https://zion.app/client/macos/,200,True,True,
https://zion.app/client/v2n_win/,https://zion.app/client/srk_mac/,https://zion.app/client/srk_mac/,200,True,True,
https://zion.app/client/v2n_win/,https://zion.app/client/v2n_macos/,https://zion.app/client/v2n_macos/,200,True,True,
https://zion.app/client/v2n_win/,https://clients-1tz.oss-cn-hangzhou.aliyuncs.com/win/third_party/v2n-win64.zip,https://clients-1tz.oss-cn-hangzhou.aliyuncs.com/win/third_party/v2n-win64.zip,200,True,False,
https://zion.app/client/v2n_win/,https://zladder.oss-cn-shanghai.aliyuncs.com/win/v2n-win64.zip,https://zladder.oss-cn-shanghai.aliyuncs.com/win/v2n-win64.zip,200,True,False,
https://zion.app/client/v2n_win/,https://zion.app/login-modal/,https://zion.app/login-modal/,200,True,True,
https://zion.app/client/v2n_win/,https://zion.app/register-modal/,https://zion.app/register-modal/,200,True,True,
https://zion.app/client/v2n_win/,https://zion.app/client/v2n_win/,https://zion.app/client/v2n_win/,200,True,True,
https://zion.app/client/v2n_win/,https://twitter.com/tizizion,https://twitter.com/tizizion,403,False,False,HTTPError: Forbidden
https://zion.app/client/v2n_win/,http://weibo.com/zionladder,https://passport.weibo.com/visitor/visitor?entry=miniblog&a=enter&url=https%3A%2F%2Fweibo.com%2Fzionladder&domain=weibo.com&ua=Mozilla%2F5.0%20%28X11%3B%20Linux%20x86_64%29%20AppleWebKit%2F537.36%20%28KHTML%2C%20like%20Gecko%29%20Chrome%2F123%20Safari%2F537.36&_rand=1754954666012&sudaref=,200,True,False,
https://zion.app/client/v2n_win/,https://www.facebook.com/zionladder/,https://www.facebook.com/login/?next=https%3A%2F%2Fwww.facebook.com%2Fzionladder%2F,400,False,False,HTTPError: Bad Request
https://zion.app/client/v2n_win/,https://zion.app/privacy/,https://zion.app/privacy/,200,True,True,
https://zion.app/client/v2n_win/,https://zion.app/terms/,https://zion.app/terms/,200,True,True,
https://zion.app/client/v2n_win/,https://zion.app/client/v2n_win/,https://zion.app/client/v2n_win/,200,True,True,
https://zion.app/client/v2n_win/,https://zion.app/client/v2n_win/,https://zion.app/client/v2n_win/,200,True,True,
https://zion.app/client/v2n_win/,https://zion.app/client/v2n_win/,https://zion.app/client/v2n_win/,200,True,True,
https://zion.app/client/v2n_win/,https://zion.app/client/windows/,https://zion.app/client/windows/,200,True,True,
https://zion.app/client/v2n_win/,https://zion.app/client/v2n_win/,https://zion.app/client/v2n_win/,200,True,True,
https://zion.app/client/v2n_win/,https://zion.app/client/macos/,https://zion.app/client/macos/,200,True,True,
https://zion.app/client/v2n_win/,https://zion.app/client/srk_mac/,https://zion.app/client/srk_mac/,200,True,True,
https://zion.app/client/v2n_win/,https://zion.app/client/v2n_macos/,https://zion.app/client/v2n_macos/,200,True,True,
https://zion.app/client/v2n_win/,https://zion.app/client/srk_ios/,https://zion.app/client/srk_ios/,200,True,True,
https://zion.app/client/v2n_win/,https://zion.app/client/ios/,https://zion.app/client/ios/,200,True,True,
https://zion.app/client/v2n_win/,https://zion.app/client/vtwong/,https://zion.app/client/vtwong/,200,True,True,
https://zion.app/client/v2n_win/,https://zion.app/client/merlin/,https://zion.app/client/merlin/,200,True,True,
https://zion.app/client/v2n_win/,https://zion.app/client/linux/,https://zion.app/client/linux/,200,True,True,
https://zion.app/client/v2n_win/,http://blackwolfsec.cc/2016/09/19/Proxifier_Shadowshocks/,http://blackwolfsec.cc/2016/09/19/Proxifier_Shadowshocks/,200,True,False,
https://zion.app/client/v2n_win/,http://16bing.com/2017/04/23/ss-proxifier/,http://16bing.com/2017/04/23/ss-proxifier/,200,True,False,
https://zion.app/client/v2n_win/,https://zion.app/client/telegram/,https://zion.app/client/telegram/,200,True,True,
https://zion.app/client/v2n_win/,https://zion.app/client/line/,https://zion.app/client/line/,200,True,True,
https://zion.app/client/srk_mac/,https://zion.app/,https://zion.app/,200,True,True,
https://zion.app/client/srk_mac/,https://faq.zionladder.com,,,False,False,URLError: [Errno -2] Name or service not known
https://zion.app/client/srk_mac/,https://zion.app/login-modal/,https://zion.app/login-modal/,200,True,True,
https://zion.app/client/srk_mac/,https://zion.app/client/ios/,https://zion.app/client/ios/,200,True,True,
https://zion.app/client/srk_mac/,https://zion.app/client/srk_ios/,https://zion.app/client/srk_ios/,200,True,True,
https://zion.app/client/srk_mac/,https://zion.app/client/vtwong/,https://zion.app/client/vtwong/,200,True,True,
https://zion.app/client/srk_mac/,https://zion.app/client/windows/,https://zion.app/client/windows/,200,True,True,
https://zion.app/client/srk_mac/,https://zion.app/client/v2n_win/,https://zion.app/client/v2n_win/,200,True,True,
https://zion.app/client/srk_mac/,https://zion.app/client/macos/,https://zion.app/client/macos/,200,True,True,
https://zion.app/client/srk_mac/,https://zion.app/client/srk_mac/,https://zion.app/client/srk_mac/,200,True,True,
https://zion.app/client/srk_mac/,https://zion.app/client/v2n_macos/,https://zion.app/client/v2n_macos/,200,True,True,
https://zion.app/client/srk_mac/,https://zion.app/login-modal/,https://zion.app/login-modal/,200,True,True,
https://zion.app/client/srk_mac/,https://zion.app/register-modal/,https://zion.app/register-modal/,200,True,True,
https://zion.app/client/srk_mac/,https://zion.app/client/srk_mac/,https://zion.app/client/srk_mac/,200,True,True,
https://zion.app/client/srk_mac/,https://zion.app/register-modal/,https://zion.app/register-modal/,200,True,True,
https://zion.app/client/srk_mac/,https://zion.app/register-modal/,https://zion.app/register-modal/,200,True,True,
https://zion.app/client/srk_mac/,https://twitter.com/tizizion,https://twitter.com/tizizion,403,False,False,HTTPError: Forbidden
https://zion.app/client/srk_mac/,http://weibo.com/zionladder,https://passport.weibo.com/visitor/visitor?entry=miniblog&a=enter&url=https%3A%2F%2Fweibo.com%2Fzionladder&domain=weibo.com&ua=Mozilla%2F5.0%20%28X11%3B%20Linux%20x86_64%29%20AppleWebKit%2F537.36%20%28KHTML%2C%20like%20Gecko%29%20Chrome%2F123%20Safari%2F537.36&_rand=1754954666012&sudaref=,200,True,False,
https://zion.app/client/srk_mac/,https://www.facebook.com/zionladder/,https://www.facebook.com/login/?next=https%3A%2F%2Fwww.facebook.com%2Fzionladder%2F,400,False,False,HTTPError: Bad Request
https://zion.app/client/srk_mac/,https://zion.app/privacy/,https://zion.app/privacy/,200,True,True,
https://zion.app/client/srk_mac/,https://zion.app/terms/,https://zion.app/terms/,200,True,True,
https://zion.app/client/srk_mac/,https://zion.app/client/srk_mac/,https://zion.app/client/srk_mac/,200,True,True,
https://zion.app/client/srk_mac/,https://zion.app/client/srk_mac/,https://zion.app/client/srk_mac/,200,True,True,
https://zion.app/client/srk_mac/,https://zion.app/client/srk_mac/,https://zion.app/client/srk_mac/,200,True,True,
https://zion.app/client/srk_mac/,https://zion.app/client/windows/,https://zion.app/client/windows/,200,True,True,
https://zion.app/client/srk_mac/,https://zion.app/client/v2n_win/,https://zion.app/client/v2n_win/,200,True,True,
https://zion.app/client/srk_mac/,https://zion.app/client/macos/,https://zion.app/client/macos/,200,True,True,
https://zion.app/client/srk_mac/,https://zion.app/client/srk_mac/,https://zion.app/client/srk_mac/,200,True,True,
https://zion.app/client/srk_mac/,https://zion.app/client/v2n_macos/,https://zion.app/client/v2n_macos/,200,True,True,
https://zion.app/client/srk_mac/,https://zion.app/client/srk_ios/,https://zion.app/client/srk_ios/,200,True,True,
https://zion.app/client/srk_mac/,https://zion.app/client/ios/,https://zion.app/client/ios/,200,True,True,
https://zion.app/client/srk_mac/,https://zion.app/client/vtwong/,https://zion.app/client/vtwong/,200,True,True,
https://zion.app/client/srk_mac/,https://zion.app/client/merlin/,https://zion.app/client/merlin/,200,True,True,
https://zion.app/client/srk_mac/,https://zion.app/client/linux/,https://zion.app/client/linux/,200,True,True,
https://zion.app/client/srk_mac/,http://blackwolfsec.cc/2016/09/19/Proxifier_Shadowshocks/,http://blackwolfsec.cc/2016/09/19/Proxifier_Shadowshocks/,200,True,False,
https://zion.app/client/srk_mac/,http://16bing.com/2017/04/23/ss-proxifier/,http://16bing.com/2017/04/23/ss-proxifier/,200,True,False,
https://zion.app/client/srk_mac/,https://zion.app/client/telegram/,https://zion.app/client/telegram/,200,True,True,
https://zion.app/client/srk_mac/,https://zion.app/client/line/,https://zion.app/client/line/,200,True,True,
https://zion.app/client/v2n_macos/,https://zion.app/,https://zion.app/,200,True,True,
https://zion.app/client/v2n_macos/,https://faq.zionladder.com,,,False,False,URLError: [Errno -2] Name or service not known
https://zion.app/client/v2n_macos/,https://zion.app/login-modal/,https://zion.app/login-modal/,200,True,True,
https://zion.app/client/v2n_macos/,https://zion.app/client/ios/,https://zion.app/client/ios/,200,True,True,
https://zion.app/client/v2n_macos/,https://zion.app/client/srk_ios/,https://zion.app/client/srk_ios/,200,True,True,
https://zion.app/client/v2n_macos/,https://zion.app/client/vtwong/,https://zion.app/client/vtwong/,200,True,True,
https://zion.app/client/v2n_macos/,https://zion.app/client/windows/,https://zion.app/client/windows/,200,True,True,
https://zion.app/client/v2n_macos/,https://zion.app/client/v2n_win/,https://zion.app/client/v2n_win/,200,True,True,
https://zion.app/client/v2n_macos/,https://zion.app/client/macos/,https://zion.app/client/macos/,200,True,True,
https://zion.app/client/v2n_macos/,https://zion.app/client/srk_mac/,https://zion.app/client/srk_mac/,200,True,True,
https://zion.app/client/v2n_macos/,https://zion.app/client/v2n_macos/,https://zion.app/client/v2n_macos/,200,True,True,
https://zion.app/client/v2n_macos/,https://clients-1tz.oss-cn-hangzhou.aliyuncs.com/macos/third-party/v2n-macos.dmg,https://clients-1tz.oss-cn-hangzhou.aliyuncs.com/macos/third-party/v2n-macos.dmg,200,True,False,
https://zion.app/client/v2n_macos/,https://zladder.oss-cn-shanghai.aliyuncs.com/macos/v2n-macos.dmg,https://zladder.oss-cn-shanghai.aliyuncs.com/macos/v2n-macos.dmg,200,True,False,
https://zion.app/client/v2n_macos/,https://zion.app/login-modal/,https://zion.app/login-modal/,200,True,True,
https://zion.app/client/v2n_macos/,https://zion.app/register-modal/,https://zion.app/register-modal/,200,True,True,
https://zion.app/client/v2n_macos/,https://zion.app/client/v2n_macos/,https://zion.app/client/v2n_macos/,200,True,True,
https://zion.app/client/v2n_macos/,https://twitter.com/tizizion,https://twitter.com/tizizion,403,False,False,HTTPError: Forbidden
https://zion.app/client/v2n_macos/,http://weibo.com/zionladder,https://passport.weibo.com/visitor/visitor?entry=miniblog&a=enter&url=https%3A%2F%2Fweibo.com%2Fzionladder&domain=weibo.com&ua=Mozilla%2F5.0%20%28X11%3B%20Linux%20x86_64%29%20AppleWebKit%2F537.36%20%28KHTML%2C%20like%20Gecko%29%20Chrome%2F123%20Safari%2F537.36&_rand=1754954666012&sudaref=,200,True,False,
https://zion.app/client/v2n_macos/,https://www.facebook.com/zionladder/,https://www.facebook.com/login/?next=https%3A%2F%2Fwww.facebook.com%2Fzionladder%2F,400,False,False,HTTPError: Bad Request
https://zion.app/client/v2n_macos/,https://zion.app/privacy/,https://zion.app/privacy/,200,True,True,
https://zion.app/client/v2n_macos/,https://zion.app/terms/,https://zion.app/terms/,200,True,True,
https://zion.app/client/v2n_macos/,https://zion.app/client/v2n_macos/,https://zion.app/client/v2n_macos/,200,True,True,
https://zion.app/client/v2n_macos/,https://zion.app/client/v2n_macos/,https://zion.app/client/v2n_macos/,200,True,True,
https://zion.app/client/v2n_macos/,https://zion.app/client/v2n_macos/,https://zion.app/client/v2n_macos/,200,True,True,
https://zion.app/client/v2n_macos/,https://zion.app/client/windows/,https://zion.app/client/windows/,200,True,True,
https://zion.app/client/v2n_macos/,https://zion.app/client/v2n_win/,https://zion.app/client/v2n_win/,200,True,True,
https://zion.app/client/v2n_macos/,https://zion.app/client/macos/,https://zion.app/client/macos/,200,True,True,
https://zion.app/client/v2n_macos/,https://zion.app/client/srk_mac/,https://zion.app/client/srk_mac/,200,True,True,
https://zion.app/client/v2n_macos/,https://zion.app/client/v2n_macos/,https://zion.app/client/v2n_macos/,200,True,True,
https://zion.app/client/v2n_macos/,https://zion.app/client/srk_ios/,https://zion.app/client/srk_ios/,200,True,True,
https://zion.app/client/v2n_macos/,https://zion.app/client/ios/,https://zion.app/client/ios/,200,True,True,
https://zion.app/client/v2n_macos/,https://zion.app/client/vtwong/,https://zion.app/client/vtwong/,200,True,True,
https://zion.app/client/v2n_macos/,https://zion.app/client/merlin/,https://zion.app/client/merlin/,200,True,True,
https://zion.app/client/v2n_macos/,https://zion.app/client/linux/,https://zion.app/client/linux/,200,True,True,
https://zion.app/client/v2n_macos/,http://blackwolfsec.cc/2016/09/19/Proxifier_Shadowshocks/,http://blackwolfsec.cc/2016/09/19/Proxifier_Shadowshocks/,200,True,False,
https://zion.app/client/v2n_macos/,http://16bing.com/2017/04/23/ss-proxifier/,http://16bing.com/2017/04/23/ss-proxifier/,200,True,False,
https://zion.app/client/v2n_macos/,https://zion.app/client/telegram/,https://zion.app/client/telegram/,200,True,True,
https://zion.app/client/v2n_macos/,https://zion.app/client/line/,https://zion.app/client/line/,200,True,True,
https://zion.app/client/vtwong/,https://zion.app/,https://zion.app/,200,True,True,
https://zion.app/client/vtwong/,https://faq.zionladder.com,,,False,False,URLError: [Errno -2] Name or service not known
https://zion.app/client/vtwong/,https://zion.app/login-modal/,https://zion.app/login-modal/,200,True,True,
https://zion.app/client/vtwong/,https://zion.app/client/ios/,https://zion.app/client/ios/,200,True,True,
https://zion.app/client/vtwong/,https://zion.app/client/srk_ios/,https://zion.app/client/srk_ios/,200,True,True,
https://zion.app/client/vtwong/,https://zion.app/client/vtwong/,https://zion.app/client/vtwong/,200,True,True,
https://zion.app/client/vtwong/,https://zion.app/client/windows/,https://zion.app/client/windows/,200,True,True,
https://zion.app/client/vtwong/,https://zion.app/client/v2n_win/,https://zion.app/client/v2n_win/,200,True,True,
https://zion.app/client/vtwong/,https://zion.app/client/macos/,https://zion.app/client/macos/,200,True,True,
https://zion.app/client/vtwong/,https://zion.app/client/srk_mac/,https://zion.app/client/srk_mac/,200,True,True,
https://zion.app/client/vtwong/,https://zion.app/client/v2n_macos/,https://zion.app/client/v2n_macos/,200,True,True,
https://zion.app/client/vtwong/,https://storage.googleapis.com/zclients/v2n_1_10_8.apk,https://storage.googleapis.com/zclients/v2n_1_10_8.apk,200,True,False,
https://zion.app/client/vtwong/,https://nblanc.s3.ap-east-1.amazonaws.com/v2n_1_10_8.apk,https://nblanc.s3.ap-east-1.amazonaws.com/v2n_1_10_8.apk,200,True,False,
https://zion.app/client/vtwong/,https://zion.app/login-modal/,https://zion.app/login-modal/,200,True,True,
https://zion.app/client/vtwong/,https://zion.app/register-modal/,https://zion.app/register-modal/,200,True,True,
https://zion.app/client/vtwong/,https://zion.app/client/vtwong/,https://zion.app/client/vtwong/,200,True,True,
https://zion.app/client/vtwong/,https://twitter.com/tizizion,https://twitter.com/tizizion,403,False,False,HTTPError: Forbidden
https://zion.app/client/vtwong/,http://weibo.com/zionladder,https://passport.weibo.com/visitor/visitor?entry=miniblog&a=enter&url=https%3A%2F%2Fweibo.com%2Fzionladder&domain=weibo.com&ua=Mozilla%2F5.0%20%28X11%3B%20Linux%20x86_64%29%20AppleWebKit%2F537.36%20%28KHTML%2C%20like%20Gecko%29%20Chrome%2F123%20Safari%2F537.36&_rand=1754954666012&sudaref=,200,True,False,
https://zion.app/client/vtwong/,https://www.facebook.com/zionladder/,https://www.facebook.com/login/?next=https%3A%2F%2Fwww.facebook.com%2Fzionladder%2F,400,False,False,HTTPError: Bad Request
https://zion.app/client/vtwong/,https://zion.app/privacy/,https://zion.app/privacy/,200,True,True,
https://zion.app/client/vtwong/,https://zion.app/terms/,https://zion.app/terms/,200,True,True,
https://zion.app/client/vtwong/,https://zion.app/client/vtwong/,https://zion.app/client/vtwong/,200,True,True,
https://zion.app/client/vtwong/,https://zion.app/client/vtwong/,https://zion.app/client/vtwong/,200,True,True,
https://zion.app/client/vtwong/,https://zion.app/client/vtwong/,https://zion.app/client/vtwong/,200,True,True,
https://zion.app/client/vtwong/,https://zion.app/client/windows/,https://zion.app/client/windows/,200,True,True,
https://zion.app/client/vtwong/,https://zion.app/client/v2n_win/,https://zion.app/client/v2n_win/,200,True,True,
https://zion.app/client/vtwong/,https://zion.app/client/macos/,https://zion.app/client/macos/,200,True,True,
https://zion.app/client/vtwong/,https://zion.app/client/srk_mac/,https://zion.app/client/srk_mac/,200,True,True,
https://zion.app/client/vtwong/,https://zion.app/client/v2n_macos/,https://zion.app/client/v2n_macos/,200,True,True,
https://zion.app/client/vtwong/,https://zion.app/client/srk_ios/,https://zion.app/client/srk_ios/,200,True,True,
https://zion.app/client/vtwong/,https://zion.app/client/ios/,https://zion.app/client/ios/,200,True,True,
https://zion.app/client/vtwong/,https://zion.app/client/vtwong/,https://zion.app/client/vtwong/,200,True,True,
https://zion.app/client/vtwong/,https://zion.app/client/merlin/,https://zion.app/client/merlin/,200,True,True,
https://zion.app/client/vtwong/,https://zion.app/client/linux/,https://zion.app/client/linux/,200,True,True,
https://zion.app/client/vtwong/,http://blackwolfsec.cc/2016/09/19/Proxifier_Shadowshocks/,http://blackwolfsec.cc/2016/09/19/Proxifier_Shadowshocks/,200,True,False,
https://zion.app/client/vtwong/,http://16bing.com/2017/04/23/ss-proxifier/,http://16bing.com/2017/04/23/ss-proxifier/,200,True,False,
https://zion.app/client/vtwong/,https://zion.app/client/telegram/,https://zion.app/client/telegram/,200,True,True,
https://zion.app/client/vtwong/,https://zion.app/client/line/,https://zion.app/client/line/,200,True,True,
https://zion.app/client/merlin/,https://zion.app/,https://zion.app/,200,True,True,
https://zion.app/client/merlin/,https://faq.zionladder.com,,,False,False,URLError: [Errno -2] Name or service not known
https://zion.app/client/merlin/,https://zion.app/login-modal/,https://zion.app/login-modal/,200,True,True,
https://zion.app/client/merlin/,https://zion.app/client/ios/,https://zion.app/client/ios/,200,True,True,
https://zion.app/client/merlin/,https://zion.app/client/srk_ios/,https://zion.app/client/srk_ios/,200,True,True,
https://zion.app/client/merlin/,https://zion.app/client/vtwong/,https://zion.app/client/vtwong/,200,True,True,
https://zion.app/client/merlin/,https://zion.app/client/windows/,https://zion.app/client/windows/,200,True,True,
https://zion.app/client/merlin/,https://zion.app/client/v2n_win/,https://zion.app/client/v2n_win/,200,True,True,
https://zion.app/client/merlin/,https://zion.app/client/macos/,https://zion.app/client/macos/,200,True,True,
https://zion.app/client/merlin/,https://zion.app/client/srk_mac/,https://zion.app/client/srk_mac/,200,True,True,
https://zion.app/client/merlin/,https://zion.app/client/v2n_macos/,https://zion.app/client/v2n_macos/,200,True,True,
https://zion.app/client/merlin/,https://zion.app/register-modal/,https://zion.app/register-modal/,200,True,True,
https://zion.app/client/merlin/,https://zion.app/userinfo/,https://zion.app/login/?next=/userinfo/,200,True,True,
https://zion.app/client/merlin/,https://zion.app/client/merlin/,https://zion.app/client/merlin/,200,True,True,
https://zion.app/client/merlin/,https://github.com/heweiye/Merlin_Shadowsocks,https://github.com/heweiye/Merlin_Shadowsocks,200,True,False,
https://zion.app/client/merlin/,https://twitter.com/tizizion,https://twitter.com/tizizion,403,False,False,HTTPError: Forbidden
https://zion.app/client/merlin/,http://weibo.com/zionladder,https://passport.weibo.com/visitor/visitor?entry=miniblog&a=enter&url=https%3A%2F%2Fweibo.com%2Fzionladder&domain=weibo.com&ua=Mozilla%2F5.0%20%28X11%3B%20Linux%20x86_64%29%20AppleWebKit%2F537.36%20%28KHTML%2C%20like%20Gecko%29%20Chrome%2F123%20Safari%2F537.36&_rand=1754954666012&sudaref=,200,True,False,
https://zion.app/client/merlin/,https://www.facebook.com/zionladder/,https://www.facebook.com/login/?next=https%3A%2F%2Fwww.facebook.com%2Fzionladder%2F,400,False,False,HTTPError: Bad Request
https://zion.app/client/merlin/,https://zion.app/privacy/,https://zion.app/privacy/,200,True,True,
https://zion.app/client/merlin/,https://zion.app/terms/,https://zion.app/terms/,200,True,True,
https://zion.app/client/merlin/,https://zion.app/client/merlin/,https://zion.app/client/merlin/,200,True,True,
https://zion.app/client/merlin/,https://zion.app/client/merlin/,https://zion.app/client/merlin/,200,True,True,
https://zion.app/client/merlin/,https://zion.app/client/merlin/,https://zion.app/client/merlin/,200,True,True,
https://zion.app/client/merlin/,https://zion.app/client/windows/,https://zion.app/client/windows/,200,True,True,
https://zion.app/client/merlin/,https://zion.app/client/v2n_win/,https://zion.app/client/v2n_win/,200,True,True,
https://zion.app/client/merlin/,https://zion.app/client/macos/,https://zion.app/client/macos/,200,True,True,
https://zion.app/client/merlin/,https://zion.app/client/srk_mac/,https://zion.app/client/srk_mac/,200,True,True,
https://zion.app/client/merlin/,https://zion.app/client/v2n_macos/,https://zion.app/client/v2n_macos/,200,True,True,
https://zion.app/client/merlin/,https://zion.app/client/srk_ios/,https://zion.app/client/srk_ios/,200,True,True,
https://zion.app/client/merlin/,https://zion.app/client/ios/,https://zion.app/client/ios/,200,True,True,
https://zion.app/client/merlin/,https://zion.app/client/vtwong/,https://zion.app/client/vtwong/,200,True,True,
https://zion.app/client/merlin/,https://zion.app/client/merlin/,https://zion.app/client/merlin/,200,True,True,
https://zion.app/client/merlin/,https://zion.app/client/linux/,https://zion.app/client/linux/,200,True,True,
https://zion.app/client/merlin/,http://blackwolfsec.cc/2016/09/19/Proxifier_Shadowshocks/,http://blackwolfsec.cc/2016/09/19/Proxifier_Shadowshocks/,200,True,False,
https://zion.app/client/merlin/,http://16bing.com/2017/04/23/ss-proxifier/,http://16bing.com/2017/04/23/ss-proxifier/,200,True,False,
https://zion.app/client/merlin/,https://zion.app/client/telegram/,https://zion.app/client/telegram/,200,True,True,
https://zion.app/client/merlin/,https://zion.app/client/line/,https://zion.app/client/line/,200,True,True,
https://zion.app/client/linux/,https://zion.app/,https://zion.app/,200,True,True,
https://zion.app/client/linux/,https://faq.zionladder.com,,,False,False,URLError: [Errno -2] Name or service not known
https://zion.app/client/linux/,https://zion.app/login-modal/,https://zion.app/login-modal/,200,True,True,
https://zion.app/client/linux/,https://zion.app/client/ios/,https://zion.app/client/ios/,200,True,True,
https://zion.app/client/linux/,https://zion.app/client/srk_ios/,https://zion.app/client/srk_ios/,200,True,True,
https://zion.app/client/linux/,https://zion.app/client/vtwong/,https://zion.app/client/vtwong/,200,True,True,
https://zion.app/client/linux/,https://zion.app/client/windows/,https://zion.app/client/windows/,200,True,True,
https://zion.app/client/linux/,https://zion.app/client/v2n_win/,https://zion.app/client/v2n_win/,200,True,True,
https://zion.app/client/linux/,https://zion.app/client/macos/,https://zion.app/client/macos/,200,True,True,
https://zion.app/client/linux/,https://zion.app/client/srk_mac/,https://zion.app/client/srk_mac/,200,True,True,
https://zion.app/client/linux/,https://zion.app/client/v2n_macos/,https://zion.app/client/v2n_macos/,200,True,True,
https://zion.app/client/linux/,https://zion.app/register-modal/,https://zion.app/register-modal/,200,True,True,
https://zion.app/client/linux/,https://zion.app/userinfo/,https://zion.app/login/?next=/userinfo/,200,True,True,
https://zion.app/client/linux/,https://github.com/showzeng/shadowsocksr,https://github.com/ZoeyWoohoo/shadowsocksr,200,True,False,
https://zion.app/client/linux/,https://twitter.com/tizizion,https://twitter.com/tizizion,403,False,False,HTTPError: Forbidden
https://zion.app/client/linux/,http://weibo.com/zionladder,https://passport.weibo.com/visitor/visitor?entry=miniblog&a=enter&url=https%3A%2F%2Fweibo.com%2Fzionladder&domain=weibo.com&ua=Mozilla%2F5.0%20%28X11%3B%20Linux%20x86_64%29%20AppleWebKit%2F537.36%20%28KHTML%2C%20like%20Gecko%29%20Chrome%2F123%20Safari%2F537.36&_rand=1754954666012&sudaref=,200,True,False,
https://zion.app/client/linux/,https://www.facebook.com/zionladder/,https://www.facebook.com/login/?next=https%3A%2F%2Fwww.facebook.com%2Fzionladder%2F,400,False,False,HTTPError: Bad Request
https://zion.app/client/linux/,https://zion.app/privacy/,https://zion.app/privacy/,200,True,True,
https://zion.app/client/linux/,https://zion.app/terms/,https://zion.app/terms/,200,True,True,
https://zion.app/client/linux/,https://zion.app/client/linux/,https://zion.app/client/linux/,200,True,True,
https://zion.app/client/linux/,https://zion.app/client/linux/,https://zion.app/client/linux/,200,True,True,
https://zion.app/client/linux/,https://zion.app/client/linux/,https://zion.app/client/linux/,200,True,True,
https://zion.app/client/linux/,https://zion.app/client/windows/,https://zion.app/client/windows/,200,True,True,
https://zion.app/client/linux/,https://zion.app/client/v2n_win/,https://zion.app/client/v2n_win/,200,True,True,
https://zion.app/client/linux/,https://zion.app/client/macos/,https://zion.app/client/macos/,200,True,True,
https://zion.app/client/linux/,https://zion.app/client/srk_mac/,https://zion.app/client/srk_mac/,200,True,True,
https://zion.app/client/linux/,https://zion.app/client/v2n_macos/,https://zion.app/client/v2n_macos/,200,True,True,
https://zion.app/client/linux/,https://zion.app/client/srk_ios/,https://zion.app/client/srk_ios/,200,True,True,
https://zion.app/client/linux/,https://zion.app/client/ios/,https://zion.app/client/ios/,200,True,True,
https://zion.app/client/linux/,https://zion.app/client/vtwong/,https://zion.app/client/vtwong/,200,True,True,
https://zion.app/client/linux/,https://zion.app/client/merlin/,https://zion.app/client/merlin/,200,True,True,
https://zion.app/client/linux/,https://zion.app/client/linux/,https://zion.app/client/linux/,200,True,True,
https://zion.app/client/linux/,http://blackwolfsec.cc/2016/09/19/Proxifier_Shadowshocks/,http://blackwolfsec.cc/2016/09/19/Proxifier_Shadowshocks/,200,True,False,
https://zion.app/client/linux/,http://16bing.com/2017/04/23/ss-proxifier/,http://16bing.com/2017/04/23/ss-proxifier/,200,True,False,
https://zion.app/client/linux/,https://zion.app/client/telegram/,https://zion.app/client/telegram/,200,True,True,
https://zion.app/client/linux/,https://zion.app/client/line/,https://zion.app/client/line/,200,True,True,
https://zion.app/client/telegram/,https://zion.app/,https://zion.app/,200,True,True,
https://zion.app/client/telegram/,https://faq.zionladder.com,,,False,False,URLError: [Errno -2] Name or service not known
https://zion.app/client/telegram/,https://zion.app/login-modal/,https://zion.app/login-modal/,200,True,True,
https://zion.app/client/telegram/,https://zion.app/client/ios/,https://zion.app/client/ios/,200,True,True,
https://zion.app/client/telegram/,https://zion.app/client/srk_ios/,https://zion.app/client/srk_ios/,200,True,True,
https://zion.app/client/telegram/,https://zion.app/client/vtwong/,https://zion.app/client/vtwong/,200,True,True,
https://zion.app/client/telegram/,https://zion.app/client/windows/,https://zion.app/client/windows/,200,True,True,
https://zion.app/client/telegram/,https://zion.app/client/v2n_win/,https://zion.app/client/v2n_win/,200,True,True,
https://zion.app/client/telegram/,https://zion.app/client/macos/,https://zion.app/client/macos/,200,True,True,
https://zion.app/client/telegram/,https://zion.app/client/srk_mac/,https://zion.app/client/srk_mac/,200,True,True,
https://zion.app/client/telegram/,https://zion.app/client/v2n_macos/,https://zion.app/client/v2n_macos/,200,True,True,
https://zion.app/client/telegram/,https://twitter.com/tizizion,https://twitter.com/tizizion,403,False,False,HTTPError: Forbidden
https://zion.app/client/telegram/,http://weibo.com/zionladder,https://passport.weibo.com/visitor/visitor?entry=miniblog&a=enter&url=https%3A%2F%2Fweibo.com%2Fzionladder&domain=weibo.com&ua=Mozilla%2F5.0%20%28X11%3B%20Linux%20x86_64%29%20AppleWebKit%2F537.36%20%28KHTML%2C%20like%20Gecko%29%20Chrome%2F123%20Safari%2F537.36&_rand=1754954666012&sudaref=,200,True,False,
https://zion.app/client/telegram/,https://www.facebook.com/zionladder/,https://www.facebook.com/login/?next=https%3A%2F%2Fwww.facebook.com%2Fzionladder%2F,400,False,False,HTTPError: Bad Request
https://zion.app/client/telegram/,https://zion.app/privacy/,https://zion.app/privacy/,200,True,True,
https://zion.app/client/telegram/,https://zion.app/terms/,https://zion.app/terms/,200,True,True,
https://zion.app/client/telegram/,https://zion.app/client/telegram/,https://zion.app/client/telegram/,200,True,True,
https://zion.app/client/telegram/,https://zion.app/client/telegram/,https://zion.app/client/telegram/,200,True,True,
https://zion.app/client/telegram/,https://zion.app/client/telegram/,https://zion.app/client/telegram/,200,True,True,
https://zion.app/client/telegram/,https://zion.app/client/windows/,https://zion.app/client/windows/,200,True,True,
https://zion.app/client/telegram/,https://zion.app/client/v2n_win/,https://zion.app/client/v2n_win/,200,True,True,
https://zion.app/client/telegram/,https://zion.app/client/macos/,https://zion.app/client/macos/,200,True,True,
https://zion.app/client/telegram/,https://zion.app/client/srk_mac/,https://zion.app/client/srk_mac/,200,True,True,
https://zion.app/client/telegram/,https://zion.app/client/v2n_macos/,https://zion.app/client/v2n_macos/,200,True,True,
https://zion.app/client/telegram/,https://zion.app/client/srk_ios/,https://zion.app/client/srk_ios/,200,True,True,
https://zion.app/client/telegram/,https://zion.app/client/ios/,https://zion.app/client/ios/,200,True,True,
https://zion.app/client/telegram/,https://zion.app/client/vtwong/,https://zion.app/client/vtwong/,200,True,True,
https://zion.app/client/telegram/,https://zion.app/client/merlin/,https://zion.app/client/merlin/,200,True,True,
https://zion.app/client/telegram/,https://zion.app/client/linux/,https://zion.app/client/linux/,200,True,True,
https://zion.app/client/telegram/,http://blackwolfsec.cc/2016/09/19/Proxifier_Shadowshocks/,http://blackwolfsec.cc/2016/09/19/Proxifier_Shadowshocks/,200,True,False,
https://zion.app/client/telegram/,http://16bing.com/2017/04/23/ss-proxifier/,http://16bing.com/2017/04/23/ss-proxifier/,200,True,False,
https://zion.app/client/telegram/,https://zion.app/client/telegram/,https://zion.app/client/telegram/,200,True,True,
https://zion.app/client/telegram/,https://zion.app/client/line/,https://zion.app/client/line/,200,True,True,
https://zion.app/client/line/,https://zion.app/,https://zion.app/,200,True,True,
https://zion.app/client/line/,https://faq.zionladder.com,,,False,False,URLError: [Errno -2] Name or service not known
https://zion.app/client/line/,https://zion.app/login-modal/,https://zion.app/login-modal/,200,True,True,
https://zion.app/client/line/,https://zion.app/client/ios/,https://zion.app/client/ios/,200,True,True,
https://zion.app/client/line/,https://zion.app/client/srk_ios/,https://zion.app/client/srk_ios/,200,True,True,
https://zion.app/client/line/,https://zion.app/client/vtwong/,https://zion.app/client/vtwong/,200,True,True,
https://zion.app/client/line/,https://zion.app/client/windows/,https://zion.app/client/windows/,200,True,True,
https://zion.app/client/line/,https://zion.app/client/v2n_win/,https://zion.app/client/v2n_win/,200,True,True,
https://zion.app/client/line/,https://zion.app/client/macos/,https://zion.app/client/macos/,200,True,True,
https://zion.app/client/line/,https://zion.app/client/srk_mac/,https://zion.app/client/srk_mac/,200,True,True,
https://zion.app/client/line/,https://zion.app/client/v2n_macos/,https://zion.app/client/v2n_macos/,200,True,True,
https://zion.app/client/line/,https://zion.app/client/srk_ios/,https://zion.app/client/srk_ios/,200,True,True,
https://zion.app/client/line/,https://twitter.com/tizizion,https://twitter.com/tizizion,403,False,False,HTTPError: Forbidden
https://zion.app/client/line/,http://weibo.com/zionladder,https://passport.weibo.com/visitor/visitor?entry=miniblog&a=enter&url=https%3A%2F%2Fweibo.com%2Fzionladder&domain=weibo.com&ua=Mozilla%2F5.0%20%28X11%3B%20Linux%20x86_64%29%20AppleWebKit%2F537.36%20%28KHTML%2C%20like%20Gecko%29%20Chrome%2F123%20Safari%2F537.36&_rand=1754954666012&sudaref=,200,True,False,
https://zion.app/client/line/,https://www.facebook.com/zionladder/,https://www.facebook.com/login/?next=https%3A%2F%2Fwww.facebook.com%2Fzionladder%2F,400,False,False,HTTPError: Bad Request
https://zion.app/client/line/,https://zion.app/privacy/,https://zion.app/privacy/,200,True,True,
https://zion.app/client/line/,https://zion.app/terms/,https://zion.app/terms/,200,True,True,
https://zion.app/client/line/,https://zion.app/client/line/,https://zion.app/client/line/,200,True,True,
https://zion.app/client/line/,https://zion.app/client/line/,https://zion.app/client/line/,200,True,True,
https://zion.app/client/line/,https://zion.app/client/line/,https://zion.app/client/line/,200,True,True,
https://zion.app/client/line/,https://zion.app/client/windows/,https://zion.app/client/windows/,200,True,True,
https://zion.app/client/line/,https://zion.app/client/v2n_win/,https://zion.app/client/v2n_win/,200,True,True,
https://zion.app/client/line/,https://zion.app/client/macos/,https://zion.app/client/macos/,200,True,True,
https://zion.app/client/line/,https://zion.app/client/srk_mac/,https://zion.app/client/srk_mac/,200,True,True,
https://zion.app/client/line/,https://zion.app/client/v2n_macos/,https://zion.app/client/v2n_macos/,200,True,True,
https://zion.app/client/line/,https://zion.app/client/srk_ios/,https://zion.app/client/srk_ios/,200,True,True,
https://zion.app/client/line/,https://zion.app/client/ios/,https://zion.app/client/ios/,200,True,True,
https://zion.app/client/line/,https://zion.app/client/vtwong/,https://zion.app/client/vtwong/,200,True,True,
https://zion.app/client/line/,https://zion.app/client/merlin/,https://zion.app/client/merlin/,200,True,True,
https://zion.app/client/line/,https://zion.app/client/linux/,https://zion.app/client/linux/,200,True,True,
https://zion.app/client/line/,http://blackwolfsec.cc/2016/09/19/Proxifier_Shadowshocks/,http://blackwolfsec.cc/2016/09/19/Proxifier_Shadowshocks/,200,True,False,
https://zion.app/client/line/,http://16bing.com/2017/04/23/ss-proxifier/,http://16bing.com/2017/04/23/ss-proxifier/,200,True,False,
https://zion.app/client/line/,https://zion.app/client/telegram/,https://zion.app/client/telegram/,200,True,True,
https://zion.app/client/line/,https://zion.app/client/line/,https://zion.app/client/line/,200,True,True,
https://zion.app/password_reset/,https://zion.app/login-modal/,https://zion.app/login-modal/,200,True,True,
https://zion.app/userinfo/,https://zion.app/password_reset/,https://zion.app/password_reset/,200,True,True,
https://zion.app/userinfo/,https://zion.app/register-modal/,https://zion.app/register-modal/,200,True,True,
